k,recall_at_k,random_baseline,fold_over_random
1,0.13043478260869565,0.03188405797101449,4.090909090909091
5,0.09565217391304348,0.03188405797101449,3.0
10,0.05869565217391306,0.03188405797101449,1.8409090909090915
